kind,group,run,filename,bytes,sha256
frame_csv,frameview-factor-fixed-b1-true,1,FvSDKPerFrameStreamDataT202671422749.csv,6306563,d4320664ec2af8c203661c489a312715c45ab237fc75a3029dbd54914ef4a60b
frame_csv,frameview-factor-fixed-b1-true,2,FvSDKPerFrameStreamDataT20267142280.csv,6720934,bc4a57880fd4b27aa3a38127285d49dabec660e14cd5fdb654d9b96057781e47
frame_csv,frameview-factor-fixed-b1-true,3,FvSDKPerFrameStreamDataT202671422811.csv,6330701,f16dfd8ccae2677e684305efca6f4116e7b4b0526029e018a75d27867578c228
frame_csv,frameview-factor-fixed-b1-true,4,FvSDKPerFrameStreamDataT202671422856.csv,6510632,90e2a0d973f0d8bc6c90362201f610ff42a65001d1d9b4cd246266aab76ac7cc
frame_csv,frameview-factor-fixed-b1-true,5,FvSDKPerFrameStreamDataT20267142296.csv,6346557,ab8281084fbd67329252ce96dee8ea6c7aa613fba1e0711edd6708b3449beb42
frame_csv,frameview-factor-fixed-b1-true,6,FvSDKPerFrameStreamDataT202671422917.csv,6448228,a4417984976612dc07100198e6eead419327260b770cd3436dbd0eb34ed1999a
frame_csv,frameview-factor-fixed-a-false,1,FvSDKPerFrameStreamDataT202671423030.csv,5738113,a393cabfe2ea96a47bb5aad5f326758e3f9cb99a0ebfa98a19b40931a51c8455
frame_csv,frameview-factor-fixed-a-false,2,FvSDKPerFrameStreamDataT202671423041.csv,5901362,32ffcb234ef262cdd70cc140b1b035e47c375faebdb7a3fd438b8788be431a4b
frame_csv,frameview-factor-fixed-a-false,3,FvSDKPerFrameStreamDataT202671423052.csv,4896593,d2d3a1d033420096cc33275494ede656c4d090ffc6c437ad9bf52187fbbb69a2
frame_csv,frameview-factor-fixed-a-false,4,FvSDKPerFrameStreamDataT202671423129.csv,5837042,9cb1cf1fd6eff142667be94056c8eff344ef51b75deef80628af51c7b674eec5
frame_csv,frameview-factor-fixed-a-false,5,FvSDKPerFrameStreamDataT202671423140.csv,5829160,dfdfcce44636e62f95bf8b125fcb4c69f30ebd64c432e4f4c9276aacf52bc969
frame_csv,frameview-factor-fixed-a-false,6,FvSDKPerFrameStreamDataT202671423151.csv,5952325,8460fb70fc46cae9c3e97e0ea601d16192e4ef44836b2c2874cf6c0acbb6a2e3
frame_csv,frameview-factor-fixed-b2-true,1,FvSDKPerFrameStreamDataT202671423312.csv,6485056,b28d8a55d3fab5e17bc09fadf763e27f017b143cf4f2902b76fe285e33d48625
frame_csv,frameview-factor-fixed-b2-true,2,FvSDKPerFrameStreamDataT202671423323.csv,6607308,e194516293101015ebc3eed0e95ff0afb7f1fd9956e2fbfe26690bc78dfb7487
frame_csv,frameview-factor-fixed-b2-true,3,FvSDKPerFrameStreamDataT202671423333.csv,5771658,1a8a162135fa3a60de76bfc734c5154cec4024479c50284fe9d09a2c0a2c5925
frame_csv,frameview-factor-fixed-b2-true,4,FvSDKPerFrameStreamDataT202671423414.csv,6661103,41e8c16f65488b7a95293f99adb59a7bfc7c88300152b3c37d66d7885075288b
frame_csv,frameview-factor-fixed-b2-true,5,FvSDKPerFrameStreamDataT202671423425.csv,6624424,ee9488513fbf428c3bfa7e577700c8c4b594ba51d31832c24328f29fdb1e343a
frame_csv,frameview-factor-fixed-b2-true,6,FvSDKPerFrameStreamDataT202671423436.csv,6548953,40a1672b2e0ab5d5bdfd448a51a79f1cd19229da89f199d54a97f599709b298e
analysis_db,frameview-factor-fixed-summary,,performance-validation.sqlite,28672,6f7799fb095c0ad3fff2e4da3b2006cd470631df081f9df4abf863a054d48bcc
